Osm_id, pred
900490572,[69.413765 69.11008  68.62436  72.26814  74.6228   73.904495]
900490572,[69.413765 69.11008  68.62436  72.26814  74.6228   73.904495]
900490572,[69.413765 69.11008  68.62436  72.26814  74.6228   73.904495]
